Card#,Artist,Title,Year,URL,Youtube-Title,Hashed Info,ISRC
1,Rock and roll all nite,Kiss,1975,https://www.youtube.com/watch?v=UXYfAOCpaww,Kiss - Rock And Roll All Nite (Remastered),ac7b502207a453367c123135ea18914460554cb9bde065df7b11d5076c2faadd,
2,Yéké Yéké,Mory Kanté,1987,https://www.youtube.com/watch?v=e7fpLeTdxPA,Yeke Yeke,0bcc66939f030279c649147273321786ce01b1f92b4b44a922a103a30dcd71f2,
3,You shook me all night long,AC/DC,1980,https://www.youtube.com/watch?v=3G6oLyWohUg,AC/DC  -  You Shook Me All Night Long (HQ),3435ff5adee0cdba9c25e1e72880c26590d9585d3639499f7cf7bae66c239600,
4,Summer Holiday,Cliff Richard,1963,https://www.youtube.com/watch?v=JNFvApgNpO0,Summer Holiday (2003 Remaster),25b2ccf9a13e1ea5bd739563fde1ad09ef70f03393b78dc5445fb108849387a2,
5,This is America,Childish Gambino,2018,https://www.youtube.com/watch?v=ddJqNY__9U8,This Is America,7db1a9a46ddec11c87fb04dd4f84ecc346b70448f6d5f537de2cc6b67f9c1056,
6,Cake By The Ocean,DNCE,2015,https://www.youtube.com/watch?v=PAzH-YAlFYc,DNCE - Cake By The Ocean,a8b4777d1a2693d583498e041f618df2637c512005cd029e2510f624f4c6aecd,
7,All the things she said,t.A.T.u.,2002,https://www.youtube.com/watch?v=t0KnuIGOb9I,All The Things She Said,c98a3e1c26c7e77aecbc0822f8d968eb43766f3415d2c2ace3a5e75922ae6f49,
8,World in motion,New Order,1990,https://www.youtube.com/watch?v=87YnE9fdlCU,World in Motion (2015 Remaster),df03fe1786e3c0ec40de2f80fc8fa1c2d90537b0aa4430c5776296f47422f255,
9,Summertime,Dj Jazzy Jeff & The Fresh Prince,1991,https://www.youtube.com/watch?v=osjSSC--2gY,Summertime,1880655f9b92fd0d59df705f5c4128e5f1b5a3d15a74dca4f7be6a2a0339fa25,
10,Rhinestone cowboy,Glen Campbell,1975,https://www.youtube.com/watch?v=8kAU3B9Pi_U,Glen Campbell - Rhinestone Cowboy,4c36e4d42110dd704176876910662028e89f87d8fe1f5aba42e5f0476493bda7,
11,Think,Aretha Franklin,1968,https://www.youtube.com/watch?v=P9yIoSpWWNE,Aretha Franklin - Think (Official Audio),d1a840f14b95c24bc7bf3e4452ab0d50bf10114bc28d697cf68653e8d2c7ee7d,
12,Big fun,Inner City,1988,https://www.youtube.com/watch?v=ZZpC30e4ehg,INNER CITY - Big Fun (1988).,6201924d622db05ef4c62579dc8226d975cf46986253a1d0b0399a5ee684830f,
13,Let's go crazy,Prince,1984,https://www.youtube.com/watch?v=_MzRfdZs60o,Let's Go Crazy,8907b344161f1642ff9abb3500e7acefda921272e8dd265450adcd750d454a9d,
14,Summer Of '69,Bryan Adams,1984,https://www.youtube.com/watch?v=IOqXiyqNAnU,Summer of 69 (Classic Version),b549aa9a49a55b73c7fee0c4f0ffbc04f3ccb467e13610a1ace37b40bd35ff4f,
15,It's My Life,Dr. Alban,1992,https://www.youtube.com/watch?v=aBJZsHDJvf0,It's My Life (Radio Edit),2b2000329d19eba9a9196f5a219da1fb6456522ef11155f112284b6e6185398f,
16,Temperature,Sean Paul,2005,https://www.youtube.com/watch?v=55wZaTkes1c,Temperature,1a14c9e187338f07beb9fd89adfb38872f2f7854ec3e3a5e1d2ea134a13303c3,
17,Rosanna,TOTO,1982,https://www.youtube.com/watch?v=OifHcv1gdns,Rosanna,3e1834c9b5c545f2fcb3a71c383db837172f77ce36cdf50decd23405cba2f993,
18,The only way is up,Yazz,1988,https://www.youtube.com/watch?v=vjD3EVC1-zU,Yazz - The Only Way Is Up (Official Music Video),14fc9256c3c80bca6493e82ab4f156fcfb9ddd3268a3ec30853ef40dc5bdde6d,
19,Mood,24kGoldn (feat. Iann Dior),2020,https://www.youtube.com/watch?v=2fvw0TkENHM,24kGoldn - Mood (Official Audio) ft. iann dior,11c3be5a2f4c99815e9252a7af25370f45ca291e1e3e22bb1642af0af12da168,
20,He's so fine,The Chiffons,1963,https://www.youtube.com/watch?v=MGkhe0DW5Oc,He's So Fine (Remastered 2000),893473f08047bace7b84c2575096792554e73b14f6e7f439da163688e103972f,
21,Golden,Harry Styles,2019,https://www.youtube.com/watch?v=enuYFtMHgfU,Harry Styles - Golden (Official Audio),e9a0dc69f3ec80882e6b15f03cdbf7f4c566526a0cce5e0e96c55849b183b4ad,
22,One Dance,Drake feat. Wizkid & Kyla,2016,https://www.youtube.com/watch?v=ki0Ocze98U8,Drake - One Dance (Lyrics) ft. Wizkid & Kyla,ea0afd02fea35f65d9b16eb7725584e257c4250bacc8984d1b4ba9570ba1bf79,
23,You never can tell,Chuck Berry,1964,https://www.youtube.com/watch?v=55_9o8LoWiw,You Never Can Tell (1964 Single Version),5458152de43eadd53078badaf34ed85463ff755f24844e0b1b557d1831724072,
24,Story of my life,One Direction,2013,https://www.youtube.com/watch?v=Tv6eMN3YK9E,One Direction - Story of My Life (Audio),02a574d453bec0cb1032a6c7e3855bf81e461673da6ac8aaf2f39b50a98a9976,
25,I'll Be There for You (Theme from 'Friends'),The Rembrandts,1994,https://www.youtube.com/watch?v=RIjTq_OdFvo,"I'll Be There for You (Theme From ""Friends"")",e181d4a592abe737caf3432e008543526e2c84a4b9a6ca7e4fc94e90443db6c2,
26,No diggity,Blackstreet (feat. Dr. Dre & Queen Pen),1996,https://www.youtube.com/watch?v=3KL9mRus19o,"Blackstreet - No Diggity (Official Music Video) ft. Dr. Dre, Queen Pen",e4c6f85dc19e480d22b99d8809cabc56dcf98a3c3774756d49825ea42b34c07f,
27,I Don't Care,Ed Sheeran & Justin Bieber,2019,https://www.youtube.com/watch?v=y83x7MgzWOA,Ed Sheeran & Justin Bieber - I Don't Care [Official Music Video],89db0274b70bccc627d6aaf9502daa9991152f823bb206b8d3c94e0cc2f03032,
28,The tide is high,Blondie,1980,https://www.youtube.com/watch?v=ypWXEnK_0T8,The Tide Is High (Remastered 2001),289ff6b8e00a1d2666422554213159b3eb1f237a4444ba489f244e59d816b862,
29,From Paris to Berlin,Infernal,2004,https://www.youtube.com/watch?v=THt5u-i2d9k,INFERNAL - From Paris to Berlin,e9b0d1073e2b9b34545638c1ff137bfbb138f382c7ee0c9971aefce9e3e4120f,
30,Tiger feet,Mud,1974,https://www.youtube.com/watch?v=2rrtXCFyMII,Tiger Feet,f3af7c1890514ef2466d293e347d357cfe05414af18f212652ba403932d941a1,
31,Wavin' Flag,K'Naan,2009,https://www.youtube.com/watch?v=VrurenhpPxE,K'NAAN - Wavin’ Flag,2ef8da8d9b9acb2b7e404dae3d1381d092827797c64b1ec5f31e817b63e040dc,
32,Good vibrations,The Beach Boys,1966,https://www.youtube.com/watch?v=rQ-UFKxDq5o,Good Vibrations,f2c672fc3a6961c4b4f5329111ad1c9e56ed9fbeded46e7726b07f780258b5a3,
33,I want your love,CHIC,1978,https://www.youtube.com/watch?v=NBMYzO0Fv4M,I Want Your Love,75cbde30625333f1405833a72a65795091e815a9fb4e4da59327220ac231af90,
34,I shot the sheriff,Eric Clapton,1974,https://www.youtube.com/watch?v=L0xLLPJ0bOw,I Shot The Sheriff,b774ad524c2d0e2f3c8c6a00607694796c98419be52a1a6a2d5f1dea47e78162,
35,Get up (I feel like being a) sex machine,James Brown,1970,https://www.youtube.com/watch?v=hY_LBqmyNrk,"Get Up I Feel Like Being Like A Sex Machine, Pts. 1 & 2",e80892af50c412b7869bf2645082a1588e73f03f8b10c8fa75756a7866eccd89,
36,Weekend,Earth & Fire,1979,https://www.youtube.com/watch?v=0uNaFo3wAR8,Earth & Fire - Weekend 1979 (Remastered),6c3ace9e4d8a078e394e5a2f2c5a9f17e0abad7bd5d103c0a12cea0bbd3e540c,
37,Bad,Michael Jackson,1987,https://www.youtube.com/watch?v=-DlMoJ2V6uk,Bad (2012 Remaster),a050f8e7e1c2640f7179a9d35bac303c2ea28aa45b5f3aca54e7b184d55eb40a,
38,Boogie wonderland,"Earth, Wind and Fire",1979,https://www.youtube.com/watch?v=_93PWvC2_vU,"Earth, Wind & Fire, The Emotions - Boogie Wonderland (Audio)",17f2b2f0f7bbabc1d2be3b11aa72a13727509ea6dd369fe179623a3037b98ca1,
39,Addicted to love,Robert Palmer,1985,https://www.youtube.com/watch?v=UTj5KqifVjo,Addicted To Love,7ab452938f1b8b6233c5bf4742d1ef957a4e03e8be371c5bfa1a3ccb0194c1da,
40,Baianá,Nia Archives,2022,https://www.youtube.com/watch?v=oELrBolP5mM,Nia Archives - Baianá (Official Video),a3fe61c7b6a034fbfcd07d939164aac0d927108ab07c4eb869c10dbd1cb54ec7,
41,Mr. Jones,Counting Crows,1993,https://www.youtube.com/watch?v=-oqAU5VxFWs,Counting Crows - Mr. Jones (Official Music Video),3773ac41a21f37212375fc642d0288c24d458a98ca5ac9b850642bbd44c73830,
42,She drives me crazy,Fine young cannibals,1988,https://www.youtube.com/watch?v=wyrmfuIxS98,Fine Young Cannibals - She Drives Me Crazy,5f695e928c430a714af2e646fd9b77af28790ef9a6d6c238434546ed64620106,
43,Could You Be Loved,Bob Marley & The Wailers,1980,https://www.youtube.com/watch?v=1Ogjp1hzmZU,Could You Be Loved,757924aeece653c73f87726a3a1164c7daead9d4df6a110f6fd4704cf37920b3,
44,Let's get loud,Jennifer Lopez,1999,https://www.youtube.com/watch?v=GXGAU21O2ms,Jennifer Lopez - Let's Get Loud,40798fddd15ac1b797bf5c43c42e285b095986b4d2dde12a173c19b234546fae,
45,Gimme some lovin',The Spencer Davis Group,1966,https://www.youtube.com/watch?v=I5cTP8BHhvs,Gimme Some Lovin' (Remastered 2010),c3491b671ceafd2a32868502d60604f5e5dca842e08a6f353871072bce9da2de,
46,Better Together,Jack Johnson,2005,https://www.youtube.com/watch?v=fqxNYjDFJUk,Better Together,079499789b49dd026e9307bba29f9e9490328d50f4e8af4825d1693c25d76cc3,
47,Get It On,T. Rex,1971,https://www.youtube.com/watch?v=B0hCPOaXvsE,Bang a Gong (Get It On),b69505658574d459061e03d1136056bc0853a3dfc20ff69a9cb9dd6aef256d63,
48,Music Sounds Better With You,Stardust,1998,https://www.youtube.com/watch?v=FQlAEiCb8m0,Stardust - Music Sounds Better With You (Official Music Video),fdfbb653be6c18f1cd0acd5353f8f7c2750baf1604bed9906bc8928f9bb3f18b,
49,Paradise City,Guns N' Roses,1987,https://www.youtube.com/watch?v=2Ou85hM1xm8,Paradise City,86afcdb534b7d8c772b907606d81155379669cf1de7ead00fbe69b634ccc8bf2,
50,Beverly Hills,Weezer,2005,https://www.youtube.com/watch?v=q0EpIzx9pi0,Weezer - Beverly Hills,ba5531e50db2f90e3cb9dc35625f17b2af0924731978764362a017b39136f3aa,
51,Over the rainbow,Judy Garland,1939,https://www.youtube.com/watch?v=PSZxmZmBfnU,Somewhere Over the Rainbow - The Wizard of Oz (1/8) Movie CLIP (1939) HD,a2750d05bc1ce2823d4d854c6081a0952afb0d27210db90ef76ad5a1d3ab704d,
52,Don't go yet,Camila Cabello,2021,https://www.youtube.com/watch?v=6Cytcgj4hG4,Camila Cabello - Don't Go Yet (Official Lyric Video),a6fe0486487c0e75d80b55f6d34dbadbe4519daffd5efb91c06e67d0a7f4ff56,
53,Starships,Nicki Minaj,2012,https://www.youtube.com/watch?v=ib5vOL3Ka2s,Starships,4860f1ea05a68109f7c657d65c351b71db947f7fe910f78bf9bf9e7dbea26f45,
54,Don't Stop,Fleetwood Mac,1977,https://www.youtube.com/watch?v=QV9JJmSCiI8,Fleetwood Mac - Don't Stop (Official Music Video) [4K],548b181b2c4eb1a025923416b715726ca9a99aa93927a71b2ab97f92212b4175,
55,Windy,The assosiation,1967,https://www.youtube.com/watch?v=Qa9mGMdwv0g,Windy (Remastered Version),b707366c9123b584438f9f0b2782c46bc4824263458f916441b7884c72fc7d46,
56,Hollaback Girl,Gwen Stefani,2004,https://www.youtube.com/watch?v=Kgjkth6BRRY,Gwen Stefani - Hollaback Girl (Official Music Video),67edea41a3042a5f349a85e91b9fdddd797b744e44b0bfa7ad593adfe66af7d3,
57,Boom Boom Boom,The Outhere Brothers,1995,https://www.youtube.com/watch?v=u6qMxuFaq0I,Boom Boom Boom,8ccc30afb6402df0fa40e78738ff8cbad34b8c83b2c2ba8e76db214cc4fab8b6,
58,Prayer in C,Robin Schulz;Lilly Wood and The Prick,2014,https://www.youtube.com/watch?v=fiore9Z5iUg,Lilly Wood & The Prick and Robin Schulz - Prayer In C (Robin Schulz Remix) (Official),90dfe1e7d9976f6580d94c90755e61beba92e032cc76fded828eb895f5a924f3,
59,Miami,Will Smith,1997,https://www.youtube.com/watch?v=XCGr8Xdf99Y,Will Smith - Miami HQ,1692b781a813c1f970e39657e1ba5e3ae64da663e8f6369d89c4eaf32089d008,
60,This Girl,Kungs Vs. Cookin' On 3 Burners,2016,https://www.youtube.com/watch?v=2Y6Nne8RvaA,Kungs vs Cookin’ on 3 Burners - This Girl,8c36ed3ff482612fa3c19a30f34399d268adf68c4d478d3b946c4ef0100e1ff1,
61,Have You Ever Seen The Rain,Creedence Clearwater Revival,1970,https://youtu.be/u1V8YRJnr4Q?t=16,Creedence Clearwater Revival - Have You Ever Seen The Rain (Official),2ecb57d908ab20ba4c9ab4e8c7741d46ecb57d46dad17fdfc39d9e3891c84d3f,
62,Summer in the city,The lovin' spoonful,1966,https://www.youtube.com/watch?v=5YgevxRGXIU,The Lovin' Spoonful - Summer in the City (Audio),adb1c438fc34da2cd5bae4a56bef6c36de7f400583eb5df3098648df0e7e0aa6,
63,It's a heartache,Bonnie Tyler,1977,https://www.youtube.com/watch?v=bEOl38y8Nj8,Bonnie Tyler - It's A Heartache (Official HD Video),f330944d4d5cd6e4098f15977ace1fa2479807625fec0a4bd6d1bc9a74ebda42,
64,Dancing Queen,ABBA,1976,https://www.youtube.com/watch?v=xFrGuyw1V8s,ABBA - Dancing Queen (Official Music Video),5c7802bebf58d051174ff8591e73d3897826d5b06e852058db6f4957229b8244,
65,How Deep Is Your Love,Calvin Harris,2015,https://www.youtube.com/watch?v=EgqUJOudrcM,Calvin Harris & Disciples - How Deep Is Your Love,0ab54e546477a114e4cdd67019a8a3fae5bb06d64267c02cff147bae6c794a0f,
66,Lonely boy,The Black Keys,2011,https://www.youtube.com/watch?v=qJMdZrOOef0,The Black Keys - Lonely Boy,1a614862073ac57bc22dcb13a5c1a86401f488e3f318e7aab6426780cf172e09,
67,Mambo No. 5 (a Little Bit of...),Lou Bega,1999,https://www.youtube.com/watch?v=EK_LN3XEcnw,Lou Bega - Mambo No. 5 (A Little Bit of...),b6cdde39684fdfe231719f7fa2fc394713e2e867a57408acdf20dc7be047fe96,
68,Leave a light on,Belinda Carlile,1989,https://www.youtube.com/watch?v=pmZYE8j2ZNs,Belinda Carlisle - Leave A Light On (Official Music Video) (4K Remaster),74cddd41c5247dd1b8159777054126b9681b568eff94133e1f7f554408ba8e13,
69,One week,Barenaked ladies,1998,https://www.youtube.com/watch?v=cL2IZ6-QvjU,One Week,ff0ac579f4aef7f69fea4d95ca0f2b583fa60a5db9de13c45649e4173214e8cd,
70,Copacobana,Barry Manilow,1978,https://www.youtube.com/watch?v=sUx4kKPXK1M,Copacabana (At the Copa) (Long Version),1db4dbc8b4ba4a9cd094c82a9b38965dae68d97173869fbd7fb16d9427ce3560,
71,Party Rock Anthem,LMFAO,2011,https://www.youtube.com/watch?v=zIh5AHxh-Ok,"LMFAO - Party Rock Anthem (Audio) ft. Lauren Bennett, GoonRock",047740700dba8cfccfb77b24bba97c8d09432760b55a57fdff13aa1e1dc1b23c,
72,What makes you beautiful,One direction,2011,https://www.youtube.com/watch?v=UlANZSYZ2Js,One Direction - What Makes You Beautiful (Audio),bf58a51d9f9f8d790d8bbdb04fe95c1a5d47a47a417cdd8b5341ff542468d7ce,
73,One way or another,Blondie,1978,https://www.youtube.com/watch?v=valVixMpzQY,One Way Or Another,2fbe853e2ece6a66580e5f265c54293faa8f7ee070622b5a545d7672a4fdf5e2,
74,Sweet for my sweet,The Drifters,1961,https://www.youtube.com/watch?v=snGCtWqFEyU,Sweets for My Sweet,017afecd70446cbfb5fa394f967edb1e97e753b5d41f1c9b22c1554438593baa,
75,Come in Eileen,Dexys midnight runners,1982,https://www.youtube.com/watch?v=HwVnX4ZgliY,Come On Eileen (Single Edit),4b9ad7516e372d9feaedab1be4a66c93fcdff501ca8fd17e90003240294455c3,
76,My blue heaven,Gene Austen,1920,https://www.youtube.com/watch?v=SLNDB0B5LuI,My Blue Heaven,7cda1f820e73bb2ecee6880b13485720024a8ecfe9648305056f77bbe30d3621,
77,Heat Waves,Glass Animals,2020,https://www.youtube.com/watch?v=mRD0-GxqHVo,Glass Animals - Heat Waves (Official Video),d28bbc8ffeefb948485a551fc658b5b0aea4b28a1a8e4ee4d432e4c4a3cb1540,
78,Gypsy Woman (She's Homeless) (La Da Dee La Da Da),Crystal Waters,1991,https://www.youtube.com/watch?v=KHIgpxwdZfg,Gypsy Woman (She's Homeless) (La Da Dee La Da Da) (Radio Edit),3b66cdf961fd4d2ad94602231a5773bd39d86ede44f1562a845c926f839cf553,
79,Don't stop me now,Queen,1978,https://www.youtube.com/watch?v=HgzGwKwLmgM,Queen - Don't Stop Me Now (Official Video),80f1d44b4030a1f1ebc297c49548ab39152dab4b04c4a434f7471e8602458d24,
80,Summer nights,John Travolta & Olivia Newton-John,1978,https://www.youtube.com/watch?v=A_J2bcNx3Gw,Summer Nights (From “Grease”),646334a53cd95e9f5c0a5816d71667fc7fe661829c46e49ec56d4594d0892eff,
81,Paranoid,Black Sabbath,1970,https://www.youtube.com/watch?v=BOTIIw76qiE,Black Sabbath - Paranoid (Official Audio),1b9f77a73242e55b6c5afd7ee88622f8e1e68a49245c2ac55ceedc7500fb16ea,
82,Chocolate (Choco Choco),Soul Control,2004,https://www.youtube.com/watch?v=kTylYpwQ74w,Chocolate (Choco Choco),1d3126cb31dcb3023369fabf52c8357c81e340bf0db7c63ade69650d28fc7185,
83,Mess around,Ray Charles,1953,https://www.youtube.com/watch?v=NwDyywRreP8,Mess Around,55b0dcbf71a4dc957b82a0f0051bc31342422764b06f02d0a1320c6021ba601e,
84,I Want To Break Free,Queen,1984,https://www.youtube.com/watch?v=f4Mc-NYPHaQ,Queen - I Want To Break Free (Official Video),a02bb4abb9acb355cde5f7bc385b88ba03a9378931a92dae320cdb0f42da964c,
85,Say so,Doja Cat,2019,https://www.youtube.com/watch?v=uAYG46w1SCA,Doja Cat - Say So (Official Audio),c1a0bf87422feb794bc46fe3b7a28131e12a9e1e63d834552a67591a698ea7b7,
86,Crazy,Gnarls Barkley,2006,https://www.youtube.com/watch?v=gFtjckFWRZM,Crazy (Single Version),519b042b32da88ecd188dfb200fa3aff3ae5760be4e341c51dfc910f0d521382,
87,This is how we do it,Montell Jordan,1995,https://www.youtube.com/watch?v=mTY31zVUqfs,Montell Jordan - This Is How We Do It (Lyrics),f18e428c338d94a1a0dc410e204ce5d5ad2372041fcb9f487e591b26588d835d,
88,Wild thoughts,DJ Khaled (feat. Rihanna & Bryson Tiller),2017,https://www.youtube.com/watch?v=0uvV8pIBUcM,"DJ Khaled, Rihanna & Bryson Tiller - Wild Thoughts",ba657f7f3fed73b69f93d98237297b6c47fb17286d7fca888ed266ab086139dc,
89,Dreamlover,Mariah Carey,1993,https://www.youtube.com/watch?v=DFHQhzi0U68,Mariah Carey - Dreamlover (Official Lyric Video),aebbdafa15f4dfa554529792bd6b295f2d1526efa15c6286c7bdcf2beaa5d683,
90,In the still of the night,The Five Satins,1956,https://www.youtube.com/watch?v=ak6tttHk_R8,The Five Satins - In The Still Of The Night (1956) 4K,03149c80bec4634ebdecbcfd84c317305835856d7ccf021000216f27854ccf26,
91,Who can it be now?,Man at work,1981,https://www.youtube.com/watch?v=SECVGN4Bsgg,Men At Work - Who Can It Be Now? (Official Video),a5ea288f5bccc2947728c554190039a8dab3833fa484d5c20b7b9fe10f1028cd,
92,Shiny happy people,R.E.M.,1991,https://www.youtube.com/watch?v=YYOKMUTTDdA,R.E.M. - Shiny Happy People (Official Music Video),6bec57372f8f85fcd6d51f13f2e089c16cbad66a38c2c39389d16f2c29ef6afb,
93,Dr. Beat,Miami sound Machine,1984,https://www.youtube.com/watch?v=bEWn0orWkMs,Miami Sound Machine - Dr  Beat,0f4f149c3452853428b2fe117df7a5c83fa94ee10ce0732c6081a41936afc41e,
94,Whole lotta love,Led Zeppelin,1969,https://www.youtube.com/watch?v=HibBnC6SVk8,Led Zeppelin - Whole Lotta Love (Official Audio),30d553d7512c51985ff1cae6519cb9119734935691d7689a6281e0e4a1dae062,
95,Pump Up The Jam,Technotronic,1989,https://www.youtube.com/watch?v=9EcjWd-O4jI,Technotronic - Pump Up The Jam (Official Music Video),e29aa4bfd6dbcdc4a2466fe33fd86372c55db4dcca4e5384b92bec8258e641d1,
96,Carnaval de Paris,Dario G,1998,https://www.youtube.com/watch?v=jzVrWLNlKAE,Carnival De Paris   Official Song of 1998 Fifa World Cup   Dario G,0c4462c0907443cef5b50ad7076ce925b4e3949f6614a5dab4b67898c448a0ac,
97,"Turn on, Tune in, Cop out",Freak Power,1994,https://www.youtube.com/watch?v=eeaCbfrizC4,"Turn On, Tune In, Cop Out (Radio Edit)",5cbea2688d8e0fa215b400100efbff52e066ccebdf9942c2a623c23ef10a92b9,
98,Shape of You,Ed Sheeran,2017,https://youtu.be/JGwWNGJdvx8?t=5,Ed Sheeran - Shape of You (Official Music Video),63da764821136fc2248e8513b198802fb62625388c87fbf8358245bca3e0ea93,
99,Man! I feel like a woman!,Shania Twain,1997,https://www.youtube.com/watch?v=o9OUSh_ADJ0,Man! I Feel Like A Woman!,72d4069517a533a8efb0397b21dd63758a06e26bc5bea341e9b4a09d5c73879a,
100,Brown eyed girl,Van Morrison,1967,https://www.youtube.com/watch?v=UfmkgQRmmeE,Van Morrison - Brown Eyed Girl (Official Audio),3b90cb2c85acf98c684bd3e7214e3da1a8e79e46808b05491f6f7e5557e632ef,
101,Pjanoo,Eric Prydz,2008,https://www.youtube.com/watch?v=vbEeJoJ4NV8,Eric Prydz - Pjanoo (Official Audio) | Ministry of Sound,1dffcf7954ab2bc68eadfe0c76f2c14961a375c8ad53ee6317a5f7697d708567,
102,Club Tropicana,Wham!,1983,https://www.youtube.com/watch?v=v2_UulzmUtY,Club Tropicana,718c2413548e1873366cce018f569e541b929cf8746b593612f9b2f73dd9a051,
103,Mr. Brightside,The Killers,2003,https://www.youtube.com/watch?v=l7MaKmKJqoc,Mr. Brightside,09743b5d5da0003c7b93523fa4cf5b6dec661b696de253cfd8667338e210770a,
104,The Power,SNAP!,1990,https://www.youtube.com/watch?v=nm6DO_7px1I,SNAP! - The Power (Official Music Video),ce2195effba6cee7499fb058c1c833ddf228c9338153f689c1990dc74106f1df,
105,All I have to do is dream,The Everly brothers,1958,https://www.youtube.com/watch?v=ihb56QpQ4ZM,All I Have to Do Is Dream,f4c15a326bd9dcd624e48ec8180a217caa6456dd0ffc7a79ecb0223c5aebcf1d,
106,Rivers of Babylon,Boney M.,1978,https://www.youtube.com/watch?v=eN3Fmpnoado,Rivers of Babylon,1a80ca8b9e8d76c7719f7cb9a65b6af9bc1afda268f2a831a10c70555ef8eb2e,
107,Let me entertain you,Robbie Williams,1997,https://www.youtube.com/watch?v=kKbcAcLLmGY,Robbie Williams - Let Me Entertain You (XXV - Official Audio),0cb94e7abe4308dadaabb83477efbe45ac13a8121fbcf2f9937d2c52171fad0f,
108,Show me the way,Peter Frampton,1975,https://www.youtube.com/watch?v=Qh4zqMMaRlA,Show Me The Way,b021d768550336acae1ce63e546d3af885982f31902a1440cf6888821c231334,
109,Glory Days,Bruce Springsteen,1985,https://www.youtube.com/watch?v=nvUOgIgLqOQ,Bruce Springsteen - Glory Days (LP Rip),717964b0c8de0f85248acf506bf8b93550ab36e63ce3ba4c6e358109f6e79d4e,
110,Volare,Domenico Modugno,1958,https://www.youtube.com/watch?v=6jWsIpAbo-8,Volare (Nel Blu Dipinto Di Blu) (Remastered),30c33fd130dfcdb27a4cd92de69403aa10f3b6aaddb020729a583704031877fc,
111,Dancing in the street,Martha Reeves & The Vandellas,1965,https://www.youtube.com/watch?v=M4p9qXIWN2Q,Martha Reeves & The Vandellas - Dancing In The Street (Official Music Video),456f49bdb7f17d494859db9c36b942b6379947a1de77c69c2037f293bec08685,
112,Mercy,The Blessed Madonna (feat. Jacob Lusk),2023,https://www.youtube.com/watch?v=cI6v4feqRIg,The Blessed Madonna - Mercy (feat. Jacob Lusk),376d7d381a2adbe1a8bde7c291e435e567c781e9b979d34bdf707edca76bbbca,
113,Havana,Camilla Cabello (feat. Young thug),2017,https://www.youtube.com/watch?v=HCjNJDNzw8Y,Camila Cabello - Havana (Audio) ft. Young Thug,e570cabbb87256f92190eb6f1c382e861d509becb42c95eb5f338aa84d856be5,
114,"Good Golly, Miss Molly",Little Richard,1958,https://www.youtube.com/watch?v=QTDhQ2QECqE,Good Golly Miss Molly,3131e9b459c224016d9b5cc5bcfd9f735cfd63658c419e5b9af1caa1f9e139ba,
115,Peru,Fireboy DML,2021,https://www.youtube.com/watch?v=5QIbxwNQR0s,Fireboy DML & Ed Sheeran - Peru [Official Lyric Video],8084a843c56ae48702e7d014476eaa034677e02014d29a640ae28d3db2b193bd,
116,Something's got a hold on me,Etta James,1962,https://www.youtube.com/watch?v=2B8zW8uNToI,Something’s Got a Hold on Me,0c3f778ea175528da8671c4b8610e2fc42a8737a9ae2c3a740336a7f2dafef7f,
117,Since U been gone,Kelly Clarkson,2004,https://www.youtube.com/watch?v=cfmRtPQu8Qk,Since U Been Gone - Kelly Clarkson,1896035230d56a4c8ab7a333f0396262ef1e8397d87762d5b1eb9920d7af8aea,
118,Pumped up kicks,Foster the people,2010,https://www.youtube.com/watch?v=k_aQYP8rsgE,Foster The People - Pumped Up Kicks (Official Audio),e75a648c73c23fca575bfe3707d9d0a7884117d3704005eb51b208205d01ad51,
119,Israelites,Desmond Dekker,1968,https://www.youtube.com/watch?v=0wSXTN2EfRo,Desmond Dekker & The Aces – Israelites (Official Lyrics Video),4c74f6589e812d8e435a34fff42c8f7df62763d5e3bc51b80fb77d1d8f4f406f,
120,California Dreamin',The mamas & the papas,1965,https://www.youtube.com/watch?v=lo9ui5FezV4,The Mama's and The Papa's - California Dreamin' [Remastered] (Audio),ece60aa4e4b6dc1705587648d5f3d40f877038829ad324f78d7b23457fa2c60b,
121,My way,Calvin Harris,2016,https://www.youtube.com/watch?v=fhSwgomqc-g,Calvin Harris - My Way (Lyrics),621150940dddebd0b81269b92e9eecdcf4256b57238b0e02ed98282520bb7018,
122,Fuck you,CeeLo Green,2010,https://www.youtube.com/watch?v=CAV0XrbEwNc,Cee Lo Green - FUCK YOU,e380252d892569d159a53d2e691a0b5055f9611ca861025dfc3775fc4a5d0ca7,
123,Spirit In The Sky,Norman Greenbaum,1969,https://www.youtube.com/watch?v=RUh6u7wJ3Ns,Spirit in the Sky,01037e861ebcf889069d52089896e06644549239d6d94d1c433df0671a88bfca,
124,Tacata,Tacabro,2012,https://www.youtube.com/watch?v=tET9jckFgdo,Tacata Radio Edit,fdb97fda43f5a4077ebb037963f5e0fbc52a8629f7f0693d4d58ce138bd8af1f,
125,The girl from Ipanema,Antonio Carlos Jobim & Astrud Gilberto,1963,https://www.youtube.com/watch?v=AWxyzVbiT98,Antonio Carlos Jobim - The Girl From Ipanema,9372065400aa3599d73a9daa097019da9e42c811249766639f05d045350f7a2a,
126,Walking On Sunshine,Katrina & The Waves,1983,https://www.youtube.com/watch?v=iPUmE-tne5U,Katrina & The Waves - Walking On Sunshine (Official Music Video),19c22c9167e0ca91d413697d52a888ffe2fa23ccd49c5f83e281cb2bf5f6b252,
127,Because I got high,Afroman,2000,https://www.youtube.com/watch?v=GfZRgCLE4yw,Afroman - Because I Got High (OFFICIAL AUDIO),078c467b4a460444c3a348c3f5bb465d80f6d31953e9474acdaf881be0fcd88a,
128,Here Comes The Sun,The Beatles,1969,https://www.youtube.com/watch?v=xUNqsfFUwhY,Here Comes The Sun (Remastered 2009),ebb1172eb167b90b1d13c6bf0b1f02e599b3ac3d4619eae86ad7ffaae4dc3ff6,
129,Who let the dogs out,Baha Men,2000,https://www.youtube.com/watch?v=m_W4u1D_nlo,Baha Men - Who Let The Dogs Out [HQ]  | Mr. Musik,d7f3087022cf2d9ce6b034aa91d9fa11dff8bbde453ec611775e22039caf191a,
130,La Isla Bonita,Madonna,1986,https://www.youtube.com/watch?v=ZmzjH6OjjIA,La Isla Bonita,10ebcd3a2a108242a050f0abcd813fade6e09a293184d9a2b4ad9d72f46a01db,
131,Last night a D.J. saved my life,Indeep,1982,https://www.youtube.com/watch?v=GtfZbj4J71A,Indeep - Last Night A DJ Saved My Life (Official Music Video),c57de55c9fc0f81635e4399bcfd47790cad471751e7a267056d2037e062f4d19,
132,Drop It Like It's Hot,Snoop Dogg feat. Pharell Williams,2004,https://www.youtube.com/watch?v=GtUVQei3nX4,Snoop Dogg - Drop It Like It's Hot (Official Music Video) ft. Pharrell Williams,c1e1d790c02f0d3d4eb49d6cbce908e63670fc066347ddf998aea81876c49828,
133,Love machine,Girls Aloud,2004,https://www.youtube.com/watch?v=S8a6NiiuRUY,Girls Aloud - Love Machine,5dfa6a37d136d02fa3ea7103df61fe283ce5cc49acbbfce461dec2b4e409523b,
134,"Get outta my dreams, get into my car",Billy Ocean,1988,https://www.youtube.com/watch?v=hwyEKVlGLb8,"Get Outta My Dreams, Get Into My Car",1bae7d88e85f1dcc30b3217132671fb532a78d42b98235f13ea46d7bdd3db84c,
135,No Limit,2 Unlimited,1993,https://www.youtube.com/watch?v=HMTCw8CtX0E,No Limit,f258d6a4d59402f39f189374388221391df3708eec11a27a60da5a3dec2e8149,
136,Samba de Janeiro,Bellini,1997,https://www.youtube.com/watch?v=qm3vCvNGQZI,Samba de Janeiro (Radio Edit),91d477f2cfe3def08108f0ff8c6ddd9fa220c6bd5d1f348fc94d46b7daa31f67,
137,Should I stay or should I go,The Clash,1982,https://www.youtube.com/watch?v=BN1WwnEDWAM,The Clash - Should I Stay or Should I Go (Official Audio),0efcff2266bda5a019e9057387e2ce3972a5bc6c2df8657b38fa29c71c31ab07,
138,Too sweet,Hozier,2024,https://www.youtube.com/watch?v=NTpbbQUBbuo,Hozier - Too Sweet (Official Video),93dfd95aa670d247f24685feecf647151ac842e859d754d0ee6d70390a30685e,
139,I don't want a lover,Texas,1989,https://www.youtube.com/watch?v=KHLchEtMKQg,Texas - I Don't Want A Lover (Official 1989 Music Video),eafea681d835cb14a07efec8d55c7140ff389cb83637e6eb28619ba0fdc7cc2c,
140,Gimme all your Lovin',ZZ Top,1983,https://www.youtube.com/watch?v=-_FBMDK_nU8,Gimme All Your Lovin' (2019 Remaster),e7c189e999238a9f04842a2a80f5cead7432e77013fac0298c3d322bc69b98f4,
141,Smooth,Santana (feat. Rob Thomas),1999,https://www.youtube.com/watch?v=c-dQmVi0HlM,Smooth (Radio Edit),9ac0f882accb84a1ae472f0ff11b391bfe336ec023ec202a798f2454cc7f334c,
142,Lady,Modjo,2000,https://www.youtube.com/watch?v=vRB1MLGEHSc,Modjo - Lady (Hear Me Tonight) (Radio Edit) (HQ),b7de8bd17e941a1ba60836ef68c6615ab5d5257e4d1efcabca7e02957eaaf304,
143,Ghetto Supastar (That is What You Are) ,Pras (feat. ODB & Mya),1998,https://www.youtube.com/watch?v=MnWogQTfSIY,Ghetto Supastar (That is What You Are),53e3748996e2849ada1a07f213912a3b99b8f2927e4493eda4588e495eea6e70,
144,Tu vuo fá lamericano,Renato Carosone,1956,https://www.youtube.com/watch?v=ARRKNB07Ixc,Tu vuo' fa' l'americano (2007 Remastered),da2c1cf959ea7bfc6ff67122a7c0012efca6c7b95fba2fed6e2182656b580e98,
145,Sandstorm,Darude,1999,https://www.youtube.com/watch?v=SRczGJ-4M5g,Darude-Sandstorm HQ,421b586d5b547d1025efe4ed1dbf54970f066bfa938668936fdfc73fce9b1f30,
146,Downtown,Petula Clark,1964,https://www.youtube.com/watch?v=z_m4Qb0iW-o,Petula Clark ~ Downtown (1964),41ed5e7ec922aafe38ba509caab8143a62c59b2aebb33f8d54d9b42a816d73ba,
147,Living doll,Cliff Richard,1959,https://www.youtube.com/watch?v=uk4ZbUGRKt8,Living Doll (2003 Remaster),0f513875efdb8cc15cbd7dee385554e7967feac020fee31eaae7e1550c7f262b,
148,Feels this good,"Sigala, Mae Muller & Caity Baser",2023,https://www.youtube.com/watch?v=dbWqXlLsX2Y,"Sigala, Mae Muller, Caity Baser - Feels This Good (Lyric Video) ft. Stefflon Don",559a8d4a31c4e176401e6418a8e6049907ff1513ba43faf9774d0437d57b089f,
149,Espresso,Sabrina Carpenter,2024,https://www.youtube.com/watch?v=51zjlMhdSTE,Sabrina Carpenter - Espresso (Official Audio),b3ff4726daf78c32e04ae3d9ff80852f03b478e2a6ed74809c12e28826d6ac3e,
150,Lovers on the Sun,David Guetta (feat. Sam Martin),2014,https://www.youtube.com/watch?v=EpbjEttizy8,David Guetta - Lovers On The Sun (Lyrics Video) ft Sam Martin,d76e0c19667f820c2f1ebfa5e41358074763075e9a451edab8bb3a2c2b06156f,
151,Old town road,Lil Nas X,2018,https://www.youtube.com/watch?v=r7qovpFAGrQ,Lil Nas X - Old Town Road (Official Video) ft. Billy Ray Cyrus,69756a60d861ec586382ba7bf1a1c6674fc1db44c1b704b110c0abed669adf4c,
152,Hey Baby,DJ Ötzi,2000,https://www.youtube.com/watch?v=CmhNw9ohGq8,Hey Baby (Radio Mix),872fd4d398bff279a9c396d802d8275c1cb96b782619d7e6fb0261da926d6f2f,
153,Get the party started,P!nk,2001,https://www.youtube.com/watch?v=mW1dbiD_zDk,P!nk - Get The Party Started (Official Video),f787f1fa365b8971bd0e580ef792fc8c09376b94d090a2ba9fc4889112f249b8,
154,Sir Duke,Stevie wonder,1976,https://www.youtube.com/watch?v=ETFvmkIA6S4,Sir Duke,9f7b436d6195596f1a616fc552a9f2b0127d7137427038a7565b964d6b6cd881,
155,You should be dancing,Bee Gees,1976,https://www.youtube.com/watch?v=1sqE6P3XyiQ,You Should Be Dancing,29673ead248ae3eea6c8279fd1be5fa2ff3a672f49d8fa0ae13a33ba812f380a,
156,Cold heart - PNAU Remix,"Elton John, Dua Lipa & PNAU",2021,https://www.youtube.com/watch?v=qod03PVTLqk,"Elton John, Dua Lipa - Cold Heart (PNAU Remix) (Official Video)",45e7cc7725f5ca684e24342932476633837d7b29f9e102624baf6e9d5c16c1d8,
157,The rockafeller skank,Fatboy Slim,1998,https://www.youtube.com/watch?v=5onsyfIzPUY,Rockafeller Skank,3345deb7370c667c9ea740ac61df434a96b548f58ed683815ea03848935cff46,
158,You got it (the right stuff),New Kids On The Block,1988,https://www.youtube.com/watch?v=sxTlrdDTt2Q,You Got It (The Right Stuff),ea87b9523cb7b0b6e2ba546ff490c1e436a1ecb44cb16ad802845feba89accd3,
159,I can see clearly now,Johnny Nash,1972,https://www.youtube.com/watch?v=b0cAWgTPiwM,Johnny Nash - I Can See Clearly Now (Official Audio),c40291dce7f4f8c395ab41c32dfbe1f2c620990e4adc130611415ea46c20208a,
160,He ain't heavy he's my brother,The Hollies,1969,https://www.youtube.com/watch?v=yg5ZEXsiCcA,"He Ain't Heavy, He's My Brother (Remastered)",fbf6e63a12bcceb56534f3e63ecf26cac4d4053aec4457ebe97d7a5556f01b8b,
161,Walk on the wild side,Lou Reed,1972,https://www.youtube.com/watch?v=oG6fayQBm9w,Lou Reed - Walk on the Wild Side (Official Audio),f71128137aa6fe0483964046ce3694956a95808c7579103f2462ed82da2dc8c3,
162,I Feel Love,Donna Summer,1977,https://www.youtube.com/watch?v=nTNcCKq6V2c,I Feel Love,957ad9567164ca1ee9f2724125275efa55dd21a97c0eb19404137f3712168476,
163,Don't you (forget about me),Simple Minds,1985,https://www.youtube.com/watch?v=z8v84520W6s,Don't You (Forget About Me),81a2f71f382ec4bff8e53cd34d24e81d4b8b0da3018d11baf9360d1f00727f99,
164,She works hard for the money,Donna summer,1983,https://www.youtube.com/watch?v=6g64usa2j5s,"Donna Summer - She Works Hard for the Money (LP Version) LYRICS SHM ""She Works Hard for the Money""",a116c4af50437fd6d547f9ee9337ac47a9d37d160368eac569f343ce7842b6cc,
165,Walk this way,Run DMC feat. Aerosmith,1986,https://www.youtube.com/watch?v=e1ereiiBaiQ,RUN D.M.C. feat. AEROSMITH - WALK THIS WAY,2d0f22d51bd9bb6fbb5154543682c3c70242293c1493530b002be7eb36880b57,
166,Mais que nada,Sergio Mendes & Brasil '66,1966,https://www.youtube.com/watch?v=05w5ch9l6zI,Sergio Mendes & Brasil '66 - Mas que nada - English subtitles,6466d359ddc51b83cbdf696f585f2086eaeb7ab78b91635325efdfb74dadf45b,
167,Like a G6,"Far east movement, The cataracs & Dev",2010,https://www.youtube.com/watch?v=GvgJEznqtms,"""LIKE A G6"" (OFFICIAL)  FAR EAST MOVEMENT (FM)  feat The Cataracs & Dev",3f6fff2aba902993c162e8df7c80acbec8858b67a8b23da2afbe3972c2ee8945,
168,"Me, myself and I",De la soul,1989,https://www.youtube.com/watch?v=opiJiozsQF8,De La Soul - Me Myself and I (Lyrics),b5aa45bc7c85a4bf74825a83f37e524bfcb1a9d6396173e2dbecf9f04d500b76,
169,Mysterious Girl,Peter Andre,1995,https://www.youtube.com/watch?v=iqIq4B1rgl4,Peter Andre - Mysterious Girl (Official Music Video),f23e20014fe94953983fe67ad2c816400264876320d7a0c7553d7c8dd3fd0ab4,
170,Am I wrong,Nico & Vinz,2013,https://www.youtube.com/watch?v=VBmEJZofz2s,Nico & Vinz - Am I Wrong [Official Lyric Video],a2ba866a035b2d50e3667e773a155a45cd2b37b718af09ca6eed762819216757,
171,Born this way,Lady Gaga,2011,https://www.youtube.com/watch?v=3Vzrr64ZrVU,Lady Gaga - Born This Way (Audio),7b41dece45c23de81ce1a0a9d689c2aac596ceb3c73dd61ebe96f3137b10b407,
172,Paradise,Sade,1988,https://www.youtube.com/watch?v=HywzuV7yYmg,Paradise,bae76e61423fa4848f555450a256a89840c7a25b4ed298482901ebf62130d6fc,
173,Sailing,Rod Stewart,1975,https://www.youtube.com/watch?v=RFgn9-8KL4s,Sailing (2009 Remaster),b24218853a681f868ad6b8d7b0b4fb2e416f54939690490aded3652a0e82d669,
174,We are young,"fun, (feat. Janelle Monáe)",2012,https://www.youtube.com/watch?v=Sv6dMFF_yts,Fun.: We Are Young ft. Janelle Monáe [OFFICIAL VIDEO],86fd12b29501a034af340add551c9cdce56d90d96219b232379ec78d607b7487,
175,Can't Get Enough Of Your Love Baby,Barry White,1974,https://www.youtube.com/watch?v=x0I6mhZ5wMw,Barry White - Can't Get Enough Of Your Love Baby.,739efebe9e44eed1a772c0157c98667b0dcae87cb09709f4261747a9f864218b,
176,School's out,Alice Cooper,1972,https://www.youtube.com/watch?v=rcEbSkaAqkg,"Alice Cooper - ""School's Out"" (Lyric Video)",86a6b6215f169f10942702cfe21bad97ae6f81228c11092e1b15b646949166d8,
177,Sprinter,Dave & Central Cee,2023,https://www.youtube.com/watch?v=xkQ9ixp6aLY,Central Cee x Dave - Sprinter (Lyrics),54f5a25d823042585a7b511fa73b6c8318f71349742c292b608aa0018fdacf57,
178,We're Going To Ibiza!,Vengaboys,1999,https://www.youtube.com/watch?v=MXXRHpVed3M,Vengaboys - We're Going to Ibiza!,07ccbf6d91a92bfb12706f64f4bad4bde17952c3870c8bb7aacd760462d1b5f2,
179,Summer Jam 2003,The Underdog Project,2003,https://www.youtube.com/watch?v=9AHfNvKRtvM,Summer Jam 2003 (DJ F.R.A.N.K. Summermix Short),8e8fdf0c0fa45f1651c759f7368907e88ae8945b77ea61224427917778bb8adc,
180,Sunshine,Tieks (feat. Dan Harkna),2015,https://www.youtube.com/watch?v=Spt-wWW3fjg,TIEKS ft. Dan Harkna - Sunshine (Radio Edit) | Ministry of Sound,fe1c7e3f874e9394a2784cc96412ba6773c006494d83aceea893272795ba083d,
181,Don't you worry child,Swedish House Maffia,2012,https://www.youtube.com/watch?v=3mWbRB3Y4R8,Don't You Worry Child (Radio Edit),21bdd91269f46b60ee7295fded17b8281d0fe9494033f77cde1829e91080676a,
182,Doctor Jones,Aqua,1997,https://www.youtube.com/watch?v=-1jPUB7gRyg,Aqua - Doctor Jones,79c67c8c0849ea493a1ef94ea7fc81594e89341ae5bc66adf286a26fefb3fba8,
183,I'm yours,Jason Mraz,2008,https://www.youtube.com/watch?v=dNOz_LUH770,I'm Yours (2023 Remaster),14dbc409d444d89566f80d842a19b8b2e3ae6bc2c755c55f02838c057f482056,
184,Sorry,Justin Bieber,2015,https://www.youtube.com/watch?v=8ELbX5CMomE,Justin Bieber - Sorry (Lyric Video),7624b0c9b15e50b4c840e9c045ebe37ee522d326f7a2a61ee3021adff9a1fdde,
185,Can I kick it?,A tribe called quest,1990,https://www.youtube.com/watch?v=D-uV8TGjaGU,A Tribe Called Quest - Can I Kick It? (Official Audio),7a630d818335bc963d914de3a875c62bcc863fe9ba0b5518e3c02b7f6ce0ca7f,
186,Let's Talk About Sex,Salt-N-Pepa,1990,https://www.youtube.com/watch?v=8zWhI5ZjkDY,Let's Talk About Sex,b4894972f7d827ca44a5714806063562ea3ad35306b51490f676dc0b6cb12081,
187,Pon de replay,Rihanna,2005,https://www.youtube.com/watch?v=vHIgRoVzrhM,Rihanna - Pon de Replay (Lyrics),f872c1dbd269ecbac7668a04849c3acf1bd157c136e58c2672bbb73fdffba302,
188,Bye Bye Bye,*NSync,2000,https://www.youtube.com/watch?v=C27NShgTQE4,*NSYNC - Bye Bye Bye (Official Audio),e06fde0a1eb9ceda207c4c4009a71465976a36ca552c2f790b03447ac24d002b,
189,Son of a preacher man,Dusty Springfield,1968,https://www.youtube.com/watch?v=oAZLgsDRUv4,Dusty Springfield - Son of a Preacher Man (Official Audio),2cd293fd4234ce55944e6bf9cbdbd50497c16d2a8ac44ac6ab0bc006643e2001,
190,(I can't get no) Satisfaction,The Rolling Stones,1965,https://www.youtube.com/watch?v=0SPsn2w_i_k,The Rolling Stones - [I Can't Get No] Satisfaction (2021 Remaster) (Audio),3c35196c51fd63e3eb896007f1aa1208724177549d38ad6d4b5ab3e5493b1a15,
191,Killing me softly,Fugees,1996,https://www.youtube.com/watch?v=8iATPHyiBEI,Fugees - Killing Me Softly With His Song (HQ),c82267a54833c4cbae54fc750d1ed040b1a305488855b0e3cac90f1a2732d398,
192,Everybody's free (to feel good),Rozalla,1991,https://www.youtube.com/watch?v=95_dAQHui94,Rozalla - Everybody's Free (To Feel Good) [Official HD Music Video],74c07a2fe8c63104aeb49981d641241c7066ca00aa88b126fb78f4d9629d8e23,
193,Shut up and dance,Walk the moon,2014,https://www.youtube.com/watch?v=nbcCG7PkI18,WALK THE MOON - Shut Up and Dance (Audio),a39830e2981666fd09ca290e07a7169e41b41c497d18cbc99503e14dd1d4e765,
194,Malibu,Miley Cyrus,2017,https://www.youtube.com/watch?v=N4RcRcqj9pQ,Miley Cyrus - Malibu (Official Audio),502761119f545224abc9cfe8e4bbeb230a4ed0a0d44082191fa1292f747c3f4f,
195,P.I.M.P.,50 cent,2003,https://www.youtube.com/watch?v=Jy1D6caG8nU,P.I.M.P.,fa1ae801ee61432572cd77ff609b3b2a28ff96a2ebc71ae531369cc6b42a33c4,
196,Cant hold us,Maclemore & Ryan Lewis ,2012,https://www.youtube.com/watch?v=VG3JsmOmDqw,Can't Hold Us - Macklemore & Ryan Lewis (feat. Ray Dalton),968a6cb680d874817e7bf44458f43205649853b87606286eb42d358c751277b8,
197,This Love,Maroon 5,2002,https://www.youtube.com/watch?v=XPpTgCho5ZA,Maroon 5 - This Love,21cf0bd8394907b433b742beec8d88debc5679fa763a7d0add71e2608de3b00e,
198,Waves,Dean Lewis,2016,https://www.youtube.com/watch?v=dKlgCk3IGBg,Dean Lewis - Waves (Official Video),6cd5ed72a087c5b00a7778d7e0d0414367793fb578973cf16aa3575189f6c572,
199,Abracadabra,Steve miller band,1982,https://www.youtube.com/watch?v=7QyoRzZrF00,Steve miller Band - Abracadabra,920821ad0b1b1852b94dd301cdf9172e1fa7f6af3f6e2e855e80e6433fec90a9,
200,Jump in the line,Harry Belafonte,1961,https://www.youtube.com/watch?v=qFRbm1zuXA4,Jump in the Line,5fdc7960727c6e4f29adbb73f86ea71abf44ceaf44a4f1e2c5b7c20a4fe85e90,
201,Be My Lover,La Bouche,1995,https://www.youtube.com/watch?v=ViP87WipSm0,La Bouche - Be My Lover (Official Video),2563eb9958e1f43a5a9453cd0a10e4afa39346ba7bbde0c8b9bc666ee7bfe732,
202,All Night Long (All Night),Lionel Richie,1983,https://www.youtube.com/watch?v=nqAvFx3NxUM,Lionel Richie - All Night Long (All Night),b91bb9a2aaecb09767bf1285fd6b0b9d2302db0e6b2d07fb009d37d0a5fa9c7c,
203,7 rings,Ariana Grande,2019,https://www.youtube.com/watch?v=M84fFXooS5w,Ariana Grande - 7 rings (Official Audio),89f4ea69eae5b9d36574e161785fee9d388981e4aa0d84e886bf9149ddf13b6a,
204,I'm gonna be (500 miles),The Proclaimers,1988,https://www.youtube.com/watch?v=aJ9usrpAPao,I'm Gonna Be (500 Miles) (2011 Remaster),7bcebfac4cb17cc4470f5a8df094234a9ac56b7ce06933b5fe2fe50c6b59e900,
205,Burning heart,Survivor,1985,https://www.youtube.com/watch?v=NeCwJ1IiQQw,Survivor - Burning Heart (Audio),8499eca62a01ec60982082208fdc8c8907c1ca4b331e0989edab6d8512846c0a,
206,Sweet but psycho,Ava Max,2018,https://www.youtube.com/watch?v=zd-h01o7LtI,Ava Max - Sweet but Psycho [Official Lyric Video],c6afd37798e22a4d0f5fc9c86e2fe650c52dee656643c26077b155637997ffe8,
207,I get around,The Beach Boys,1964,https://www.youtube.com/watch?v=xzDNsg8VbIU,The Beach Boys - I Get Around (Lyric Video),91fd346faeeba15b64a84ef3e2ed16f8a22ffb1ce9d72f42bb17d5c92bdaa4a2,
208,Spice up your life,Spice Girls,1997,https://www.youtube.com/watch?v=OQXaI_XUUeM,Spice Girls - Spice Up Your Life (Remastered) [Audio HQ],57f79add24d717bc6fabb7b32689656144abafca1c255e93b6ecba228c649ed6,
209,Song 2,Blur,1997,https://www.youtube.com/watch?v=SSbBvKaM6sk,Blur - Song 2 (Official Music Video),3f2b7ff3f51bb6b8f8385f661cc25567ed2a2e28bd7c61b5204aea9b463a4915,
210,One summer night,The Danleers,1958,https://www.youtube.com/watch?v=HkgSGxREaOA,The Danleers - One Summer Night,204fe97e52958b9d62472a6c6d257436d0bf7cc6cd177722b6bb535fbf82353c,
211,Can you feel the love tonight,Elton John,1994,https://www.youtube.com/watch?v=Ja5aE7rl2p8,Elton John - Can You Feel The Love Tonight [Lyrics],8ac7cfdab37b4971ce1d006b6cbe91e38ec4cd57cd678896244130dd90b8fb8b,
212,Macarena,Los Del Rio,1993,https://www.youtube.com/watch?v=zWaymcVmJ-A,Los Del Rio - Macarena (Bayside Boys Remix),cefc852d66116207c871db37af9d3107f75881966d00b58068fa63d9ab85019c,
213,Thong song,Sisqo,1999,https://www.youtube.com/watch?v=4mQ1IpOHmFg,Sisqó - Thong Song (Explicit Album Version),216b657340850908a0525c6161dded746bca7c0f769b0dd8e5e334593b969093,
214,Ruby,Kaiser Chiefs,2007,https://www.youtube.com/watch?v=qObzgUfCl28,Kaiser Chiefs - Ruby (Official Video),71436960020f89b97a3f55a75c4cebb3bf6b897e02ab74f40db29848acb3cd86,
215,Hot In Herre,Nelly,2002,https://www.youtube.com/watch?v=y8vLMHeO_5s,Hot In Herre,71f8d1eeab56945e70346e6924f2418470f2b516e0d17ba7b17b4b3cecf85646,
216,Kiss,Prince,1986,https://www.youtube.com/watch?v=UVRqSQC9pU0,Prince - Kiss (Lyrics),11746fa4f21409fb652fa4565d737214b41f7956984a80ed100b5657f373c3dc,
217,You give love a bad name,Bon Jovi,1986,https://www.youtube.com/watch?v=d2GynqGsokU,Bon Jovi - You Give Love a Bad Name [HD],f9bf230043d4f2304e691a38c9889656b2d48903517aaaad1cb61e1d911488f7,
218,Ooh ahh... Just a little bit,Gina G.,1996,https://www.youtube.com/watch?v=KiLw45oAuD0,Gina G - (Ooh Aah) Just A Little Bit,357ea47eb2dea7ba6cb978ac96ead2e54b4b3647cbd193dc5b6b3850c1aa8032,
219,Virtual insanity,Jamiroqai,1996,https://www.youtube.com/watch?v=N4g4502eGfk,Virtual Insanity,7d2e1f7a3511d6a99c1bba9b5872ccedec331b88c31a9636482bd18330041196,
220,Summerlove sensation,Byay city rollers,1974,https://www.youtube.com/watch?v=4ZVR0hi4Tp4,Bay City Rollers - Summerlove Sensation • TopPop,f240d190164f8159f2c3488b8ed581fbbfe9f912c5ff2adfff8a6b8355160527,
221,You spin me round (like a record),Dead or Alive,1984,https://www.youtube.com/watch?v=xyQC_PXL1G4,Dead Or Alive - You Spin Me Round (Like a Record) (Official Audio),98aa25806fbfc066dbd8feb437b45ff2de9562c7909544675e3b5265b066f847,
222,Mr. Saxobeat,Alexandra Stan,2010,https://www.youtube.com/watch?v=nwsewSMWIas,Alexandra Stan - Mr. Saxobeat (Official Video),497f6a44fa1a821670d593e2f20f70f76623794558bcb9b02e8b2985e108d565,
223,I feel fine,The Beatles,1964,https://www.youtube.com/watch?v=WrAV5EVI4tU,The Beatles - The Beatles - I Feel Fine (Official Music Video) [Remastered 2015],b702c14c2d1063c58a45d859bd8e063b2216c6c06669b6177a32b02452a52764,
224,Boom shack-a-lack,Apache Indian,1993,https://www.youtube.com/watch?v=kZzBd41NuZw,Apache Indian - Boom Shack-A-Lak (Stereo),23f21d3f526a10e112f2b8776e0394836eb820036243ebe2d3624b3d3be52110,
225,Beautiful day,U2,2000,https://www.youtube.com/watch?v=vCqlrhnl68g,Beautiful Day (Remastered 2024),5a031b79142544a185e6b86bfe68ec7e455bc530ad13d47c9cb885b225491df3,
226,Fight for your right,Beastie Boys,1986,https://www.youtube.com/watch?v=hUnamtnYxcQ,Beastie Boys - Fight For Your Right - Remastered,2f25c0803bcb96e2e03afbec882de5c168d81ba7a771309e6372a5e4d09d2a7b,
227,Stop! In The Name Of Love,The Supremes,1965,https://www.youtube.com/watch?v=une981B7Q4Y,The Supremes - Stop! In The Name Of Love (Lyric Video),196ea42ba850705727970536e85c7ca7585cbb38353198d01630c73ada9fa64f,
228,Can't take my eyes off you,Frankie Valli,1967,https://www.youtube.com/watch?v=DYwQy_9JPtQ,Can't Take My Eyes off You,2b238ddb98fe9dc5e541e742c6117bf37ac2d2c96b7ad8a72f3650e85e817a98,
229,Stay with me,Sam Smith,2014,https://www.youtube.com/watch?v=bXDSR4GggUU,Sam Smith - Stay With Me (Lyric Video),0161b76c5412007087a1c26776ad707c935031898c6a8ee1195ed3dbf0d765d9,
230,You Really Got Me,The Kinks,1964,https://www.youtube.com/watch?v=fTTsY-oz6Go,The Kinks - You Really Got Me (Official Audio),cf169eabac558977afa6c14812c5028ddda83412e0491b9764e026fd800e2978,
231,The summer is magic,Playahitty,1994,https://www.youtube.com/watch?v=bkziaWwrXCU,Playahitty - The Summer Is Magic (Official Video),1d396526526200d354fabffb81f2008433d2a226c82d1e0920be2438a07f446e,
232,Right round,Flo Rida (feat. Kesha),2009,https://www.youtube.com/watch?v=CcCw1ggftuQ,Flo Rida - Right Round (feat. Ke$ha) [Official Video],9f6bea3cfcd0f78bc836ad517cc01a30582d5c967ffc1b3242f0d14c6b8ee4c8,
233,It's still rock and roll to me,Billy Joel,1980,https://www.youtube.com/watch?v=XEm3Kx7bAxo,Billy Joel - It's Still Rock And Roll To Me (Audio),980f3cae54dd4479b11630286b98a602cfb79cb4239e700cce4b9ff7842e678e,
234,I'm a slave 4 you,Britney Spears,2001,https://www.youtube.com/watch?v=966dKpFyCW0,I'm a Slave 4 U,ae858e352b3ca01c42d298e13b0d7d0ad049d304cbf9b9697e0f5162e01b0165,
235,Don't stop 'til you get enough,Michael Jackson,1979,https://www.youtube.com/watch?v=LUDvEcNU2l0,Don't Stop 'Til You Get Enough,e36c6b5fa4036370aa1c12e9b8c102294c011f25e3685b9e5028bb95b0a97c3c,
236,Summertime Sadness,Lana Del Rey,2012,https://www.youtube.com/watch?v=TdrL3QxjyVw,Lana Del Rey - Summertime Sadness (Official Music Video),312eaa2254533403fa81926ab75ee3be051087066d99fae6686065f9a9528696,
237,My Sharona,The Knack,1979,https://www.youtube.com/watch?v=bbr60I0u2Ng,The Knack - My Sharona,61108884b625e57efe6244b6fa0e0cd634fd02b229423c939eae86826559ccc0,
238,L.A. Woman,The Doors,1971,https://www.youtube.com/watch?v=wkNU7KTG2Wo,L.A. Woman,35c9181c2c4d0df2cc7455268961988a5e60235658f9e91f5b90409d39bd0587,
239,Follow the leader,The Soca Boys,1998,https://www.youtube.com/watch?v=TCRUTkCX4Ik,Follow The Leader,02b452b9a585a372d59b5f880c6698d96aaaa07b9ae1212176ccf7ce0e335bca,
240,Gloria,Them (feat. Van Morrison),1964,https://www.youtube.com/watch?v=VlWiQ69DGE0,Them - Gloria (Audio) ft. Van Morrison,0020d7356eb11496e30823844565f1b8c0862518e59c4eb3894f33f77db83d9b,
241,Weather with you,Crowded House,1992,https://www.youtube.com/watch?v=BjDknXaEP9A,Crowded House - Weather With You (HQ),c6a786978607ebc1e6f6e9b168d974c9ecee8d9490b52dd1bba94205ec71017e,
242,Crank that,Soulja Boy,2007,https://www.youtube.com/watch?v=NWi4eavotFk,"Soulja Boy - Crank That ""Now Watch Me You Crank That Soulja Boy"" (Lyrics) | Tiktok Song",55e1c1225720ffe0ef9759ff310ee901faae62d87019d913a9543e5107857571,
243,The Safety Dance,Men Without Hats,1982,https://www.youtube.com/watch?v=1p_BvaHsgGg,Men Without Hats - The Safety Dance (Official HD Video),9ecdf1ec7dcbea5c2cd0b17e302c6c8d175f056c17d888b8b62a032d1611a8ad,
244,Move your feet,Junior Senior,2002,https://www.youtube.com/watch?v=c-0tvTqLw2s,Move Your Feet,6f9fa32b2a668e20e81ffbbacdb28db5370970857bfefbf9fab5a748c69e5e43,
245,At the hop,Danny & the Juniors,1957,https://www.youtube.com/watch?v=SEPvoNA1OGw,At The Hop,2dc1e2e52f8cda83b8c2a7cdac18aa256d13a4efe023aac7913051d19a7acfc2,
246,Maneater,Nelly Furtado,2006,https://www.youtube.com/watch?v=7RdcBwSAZtk,Maneater (Radio Version),5bda110fb88f00a6e564d19fd3e2a73e53565b4c8037bac69634357002119c52,
247,Dance The Night,Dua Lipa,2023,https://www.youtube.com/watch?v=OiC1rgCPmUQ,Dua Lipa - Dance The Night (From Barbie The Album) [Official Music Video],e03b5759018a937fafb8d0eb5e326bca13e6a150adb4164dbac38106d4555667,
248,Wipe out,The Surfaris,1963,https://www.youtube.com/watch?v=dBURLdhmmZ8,Wipe Out,f2e5e31b2fad9c1b2d513f41aac5456cccfb149ec544433c3b6d37e1cda6ef4f,
249,Livin' la vida loca,Ricky Martin,1999,https://www.youtube.com/watch?v=p47fEXGabaY,Ricky Martin - Livin' La Vida Loca (Official Video),3f931ac6025d7b0f17f42e28c8127eac7c98d80988e939a060ce15425de802ea,
250,Bamboléo,Gipsy Kings,1987,https://www.youtube.com/watch?v=NhGAQ6fjJxo,Gipsy Kings - Bamboléo (Audio),597b3b8a7cfc87f641b2fabf3b0cd181299fdb34adf6f0d2691e7bce93a1f1ca,
251,Survivor,Beyoncé,2001,https://www.youtube.com/watch?v=5ZP9lM3bs4Y,Destiny's Child - Survivor (Lyrics),5b8abbf702c49ce98073a6bec132420436c1580d3fb918100d0073da0a4c2f27,
252,We built this city,Starship,1985,https://www.youtube.com/watch?v=JW1kfoXtxzY,Starship - We Built This City (Lyrics),44a599927f4a255814211fa925576564fe64d6b9f0dd5ddea9e6ae760c506772,
253,Texas Hold 'em,Beyoncé,2024,https://www.youtube.com/watch?v=jCOX8dT9q8M,Beyoncé - TEXAS HOLD 'EM (Official Lyric Video),61ba3519b8a670b88afe39b409a91d6c5b1fc37fa510d8b0e448d9c548c03106,
254,Green Green Grass,George Ezra,2022,https://www.youtube.com/watch?v=LmOWKU37btU,George Ezra - Green Green Grass (Official Lyric Video),1ff4c0fbee9a9e0221fba5c6f3e3b0abde926e1d73493c802a5f11b552688e4f,
255,Sunny,Bobby Hebb,1966,https://www.youtube.com/watch?v=J-5xGXpNt74,Sunny,8871298e8b4fb0beadca14bdd13a072f26292efd95a62d5eaf27d549cf619cef,
256,All I Wanna Do,Sheryl Crow,1994,https://www.youtube.com/watch?v=ClbmWkbocoY,Sheryl Crow - All I Wanna Do,3840bee2d2ddec009b39a8c78ea71d57b80eb57d1880e03af545fe243b4e02a1,
257,Memories,Maroon 5,2020,https://www.youtube.com/watch?v=SlPhMPnQ58k,Maroon 5 - Memories (Official Video),ec50debaa5382d21358749b61f9bb34f62afcb1742ecd93df22a0f59a37d947a,
258,Making your mind up,Buck Fizz,1981,https://www.youtube.com/watch?v=TNYCHnGnH5M,1981 Bucks Fizz - Making Your Mind Up,3ee6d2ef7c6a748e46549cd8a9049e159a7473e473123b429d7451f779de7bd8,
259,Grace Kelly,Mika,2006,https://www.youtube.com/watch?v=0CGVgAYJyjk,MIKA - Grace Kelly,f8ad7dd9922f55ea494e166ddbd67bac76bb73f12c78a4b5a48e8e0c19685bba,
260,(Sitting on) The dock of the bay,Otis Redding,1968,https://www.youtube.com/watch?v=7C-VscEQugk,[Sittin' On] the Dock of the Bay,a6e66530b286d5a3ab627530bda0ceabed741b79d91ee6915ffab7f1de016e42,
261,Summertime blues,Eddie Cochrane,1958,https://www.youtube.com/watch?v=1C38Zevwyx4,Summertime Blues,f5de43ba3fd18186c121c9669238f021c8645bb5b3030235af6cb211592b8e8f,
262,Staying out for the summer,Dodgy,1994,https://www.youtube.com/watch?v=JeDonV4COOA,Staying Out For The Summer,c8e11fc557a72e5625f714911e960c7fa15290d1bffa528984e3a383a1eb3cdb,
263,Teenage Dirtbag,Wheatus,2000,https://www.youtube.com/watch?v=u5iE_--_bCo,Wheatus - Teenage Dirtbag (Official Lyric Video),0941200c7b1b5bf6193785efcece23b6fa43df5374036920b948bc0dec6c756e,
264,Sk8ter boi,Avril Lavigne,2002,https://www.youtube.com/watch?v=I-ed7GhM3F0,Sk8er Boi - Avril Lavigne (Lyrics) 🎵,8c03184d5f71556ab58cefe9b0d9861f8ef575f4269b5d6c740c21017c2e5d84,
265,Reggae Night,Jimmy Cliff,1983,https://www.youtube.com/watch?v=oPHWzTDJhSE,Reggae Night,d539a14330a48564f15e4f5d7117a1995f451b0e1291697171b73fe4815f17e9,
266,You know I'm no good,Amy Winehouse,2006,https://www.youtube.com/watch?v=Xs_d5kwYqX8,Amy Winehouse - You Know I'm No Good (Audio),f2f60e1a2397c474a85179c518b63955bc3735ce3e7c1ff0f0ced812a00db817,
267,Turn me on,Kevin Lyttle,2003,https://www.youtube.com/watch?v=GmNNGaIiYig,Kevin Lyttle - Turn Me On (Radio Mix) [Audio HQ],e031924b7ce54911a221be159b0074fa1e235992160c2e6eefde8ebd0341ab39,
268,Calm down,Rema,2022,https://www.youtube.com/watch?v=CQLsdm1ZYAw,Rema - Calm Down (Official Music Video),18036cd7618164f36ba5f7e26fb0c077c7c93577504b2a89a5ca8160276ace13,
269,Summertime,The Zombies,1965,https://www.youtube.com/watch?v=f1OB3kPuREI,Summertime,c8986a607db318f0160c21d3bea2b3bf47279bcd2a1511ebbe7923f0c992a44c,
270,San Francisco (Be Sure to Wear Flowers in Your Hair),Scott McKenzie,1967,https://www.youtube.com/watch?v=LAX5GgvS-8s,San Francisco (Be Sure to Wear Flowers In Your Hair),8ed264e670b8c7b021fb541c4bba98f85bd0f9136cd4100be1f97cda34b8f77e,
271,All Summer Long,Kid Rock,2007,https://www.youtube.com/watch?v=C6uP3uA6yLs,All Summer Long (2018 Remaster),8618811af7106661b51f9fa69f4bc89dcd20d908d6e220ed3f1dfa685697e62e,
272,Tainted Love,Soft Cell,1981,https://www.youtube.com/watch?v=XZVpR3Pk-r8,Soft Cell - Tainted Love (Official Music Video),becbf5050f2e827460dcf69e5b6c0ca4ab8986f4ee70d40ffd1183b13cda3a62,
273,Brown sugar,The Rolling Stones,1971,https://www.youtube.com/watch?v=Bar7SzNLnY0,Brown Sugar (Remastered 2009),80622380676648f1a9bcdeb142ae18d54ddc5626e3274dfa21aa0ec7c2c7bc71,
274,California soul,Marlena Shaw,1967,https://www.youtube.com/watch?v=CUosSQZSw5c,California Soul,bfc685c33ee3f70c0d1d44dca7ca32e999dbd65d6f3bf5e8a5d544d954f778ea,
275,Lovely Day,Bill Withers,1977,https://www.youtube.com/watch?v=bEeaS6fuUoA,Bill Withers - Lovely Day (Official Audio),78cc3c2b2ada848c0ccf3f1bd1ad834716b85192531a330ea795ae5b5a380594,
276,Live and let die,Paul McCartney & Wings,1973,https://www.youtube.com/watch?v=08saJgLmytU,Live And Let Die,f8f91c13ab094862dfcb21af908afe753b5d75211beb281b1a710a1f809f94fc,
277,"1, 2 Step",Ciara (feat. Missy Elliott),2004,https://www.youtube.com/watch?v=A4ebml17WKc,"1, 2 Step (Main)",d57b69e3d2bddc99f81d47ff9ff5520b8f19ca9b8b7abd4139839a0b5f01729c,
278,Don't be cruel,Elvis Presley,1956,https://www.youtube.com/watch?v=B2YwGBVSfFQ,Elvis Presley - Don't Be Cruel (Official Lyric Video),2e493b6821f23451a7b8de87d139e0640066fa780904a1bc534861757d084bcd,
279,La Grange,ZZ Top,1973,https://www.youtube.com/watch?v=fnwZeLdLPdQ,ZZ Top- La Grange (lyrics),6a5163dc10dcde075fe1a5101c9ecc11c458bdf1a28d9ef86dd2263eb9cb347e,
280,Long train runnin',The Doobie Brothers,1973,https://www.youtube.com/watch?v=qKlvXKUCguI,Long Train Runnin',af70b07c0528a0becc7b37cfd513a2b84db2ab9a2362eea3c7bd119d3b4a0fe4,
281,Proud Mary,Ike & Tina Turner,1970,https://www.youtube.com/watch?v=TwpVpUYO3MM,Ike And Tina Turner- Proud Mary,8cd0932699bc32624b5144a822c9a359290edd9d3770e3f90044bce2a54a9c3f,
282,Von Dutch,Charli XCX,2024,https://www.youtube.com/watch?v=E4rhGUfd_c4,Charli xcx - Von dutch,945ca9d1d7b279c09dccda21b75c0c32779a64de36e1d4b4733851d7ebb3a88f,
283,Cruel Summer,Taylor Swift,2019,https://www.youtube.com/watch?v=ic8j13piAhQ,Taylor Swift - Cruel Summer (Official Audio),7bfdf86d502e754ccd55259e9db8b7a541f77dd4f07909f26de94e63989cafe2,
284,All right now,Free,1970,https://www.youtube.com/watch?v=qjjs4thy-R0,All Right Now (Single Version),ad3cdef1da98f6339a0fc8110dcfaf0ab4842f7cea48de9dd32a3f59777a23cd,
285,Roar,Katy Perry,2013,https://www.youtube.com/watch?v=zoJAcgmOS4Q,Katy Perry - Roar (Audio),66f05ec6864e731a01125c36a7f4295616ccfe909a4df23cfb5ecdb2780e1521,
286,Brick House,Commodores,1977,https://www.youtube.com/watch?v=ZdJmXeod0RE,Commodores - Brick House (Audio),7f442b4eb3cf23bc712da35d89a8e7e6295317b38ace2dffb5a3ef111f8b5b56,
287,Party in the U.S.A.,Miley Cyrus,2009,https://www.youtube.com/watch?v=M11SvDtPBhA,Miley Cyrus - Party In The U.S.A. (Official Video),27fee71d82d6b92bac895bba8edd06919221917d0f51261cffeb81297bcef808,
288,Creep,Radiohead,1992,https://www.youtube.com/watch?v=fAuT8_dboWo,Radiohead - Creep (Remastered) (Audio),fc7e2a85a856e3664386ffc746f91f3c4583caa9fc75e91e855bdb7fd53748dc,
289,Mr. Blue Sky,Electric Light Orchestra,1977,https://www.youtube.com/watch?v=wuJIqmha2Hk,Mr. Blue Sky,cfb7d5750076a8e589738153a5627b774e1131ee66b8adf03e798f1992a05ad4,
290,(It goes like) Nanana,Peggy Gou,2023,https://www.youtube.com/watch?v=KnBdf559ofQ,Peggy Gou - (It Goes Like) Nanana,8419469dead14ac9fcc3ad195d3705805abe2d697e906eb80d8188ef9db8a0be,
291,Dopamine,Purple Disco Machine feat. Eyelar,2021,https://www.youtube.com/watch?v=7PNNOYHKznI,Purple Disco Machine feat. Eyelar - Dopamine (Official Audio),ecc91f02403921c8157c872d17a20243f15816e99fc6b31be76f3bebd730503c,
292,Cover Me In Sunshine,P!nk,2021,https://www.youtube.com/watch?v=vGZhMIXH62M,"P!NK, Willow Sage Hart - Cover Me In Sunshine (Official Video)",d79b66300e0a9fb9108463ae05cf312369e9c987e2685e5475ddb38062e3da23,
293,Safe and sound,Capital Cities,2011,https://www.youtube.com/watch?v=mQmOZX-8EZI,Capital Cities - Safe And Sound,44fe4869a63932874b452436fb95864ed7c9a853647835ec9131c449cec9bdf7,
294,Hey Brother,Avicii,2013,https://www.youtube.com/watch?v=YxIiPLVR6NA,Avicii - Hey Brother (Lyric),ff4edcb237cdabf9a420ffd485848a96df2a380a038963bca14020a8e6894542,
295,Under the Broadwalk,The Drifters,1964,https://www.youtube.com/watch?v=PSddD6w5SKc,Under the Boardwalk,c6435e7b8bf309f93b632922cc43aa56092ff0ae6f8d2d76f802a85de1caf2c0,
296,Shine,Take That,2007,https://www.youtube.com/watch?v=JwC1Ctrj6Xk,Take That - Shine (Official Video),247c7f4c91674876beb75475bf6d107b0367558ed7f73211f60e7d8184a3de2e,
297,I want you back,The Jackson 5,1969,https://www.youtube.com/watch?v=x0q1H9xWOA8,The Jackson 5- I want you back (High Quality Audio),aad418f5d64bf0e265dc74bad101313e15f8c75f2e76859e1deba6b84bbe5a9b,
298,Blitzkrieg Bop,Ramones,1976,https://www.youtube.com/watch?v=NQDPx_k66w4,Blitzkrieg Bop,009952bd788a9415a2b11980aeec8cbfa69b58981c5012399204ec9a27c7df90,
299,Lady Marmalade,Christina Aguilera,2001,https://www.youtube.com/watch?v=RQa7SvVCdZk,"Christina Aguilera, Lil' Kim, Mya, P!nk - Lady Marmalade",3ce4bba752adb3262a7395a7adf8a4e147c080fec0801391d539368b81a06e30,
300,D.I.S.C.O.,Ottawan,1979,https://www.youtube.com/watch?v=EO51YkA3qys,D.I.S.C.O.,9119f845da3956aa1a75dde569d5b9380cbe88373e9a66e7768c95a9f09face4,
301,Savage Love,Jason Derulo & Jawsh 685,2020,https://www.youtube.com/watch?v=gUci-tsiU4I,Jason Derulo & Jawsh 685 - Savage Love (Studio Music Video),c7c71b657486c845a97f997855082d117c3f28d574dd793a5c82caa5e2d234b8,
302,Sunny Afternoon,The Kinks,1966,https://www.youtube.com/watch?v=TYIl6n_SRCI,The Kinks - Sunny Afternoon (Official Audio),470af0a10ec270453675a1d3fc533a8cfc0b8d40434243588f957c87a798f74f,
303,Hello Mary Lou,Ricky Nelson,1961,https://www.youtube.com/watch?v=AMVQCHgpYmI,Ricky Nelson - Hello Mary Lou ( 1961 ),13c9d8cea0775823cc27bbb547a5ecf328c34715183036085fbd10177016e479,
304,Rock Your Baby,George McCrae,1974,https://www.youtube.com/watch?v=0xVCT0MzBDo,Rock Your Baby (2012 Remaster),25e7a9a22b6f03ea046c74677a38e68fffedd77a9d3cc9d579008dd6006ba7ac,
305,Lazy Sunday,Small Faces,1968,https://www.youtube.com/watch?v=YHpDSjKEDzo,Lazy Sunday (Stereo),93dd84191003ab96d03d29e4f174254e9c24630ccf614e01b7e48408f5cd157f,
306,Summer Breeze,Seals & Crofts,1972,https://www.youtube.com/watch?v=PzrZyb_ZuVM,Seals & Crofts - Summer Breeze (Lyrics),d2cb0d02cc5f880df4fa60d15342321ce0ff8325841d6eaf8b92822271550754,
307,Ain't no mountain high enough,Marvin Gaye,1967,https://www.youtube.com/watch?v=-C_3eYj-pOM,12. Marvin Gaye & Tammi Terrell - Ain't No Mountain High Enough,20bd8208555671358b1fc69fd81135571a35842f04df9b455349a3e7b6226d6d,
308,Cheerleader,OMI,2012,https://www.youtube.com/watch?v=irCD8WvvS88,OMI - Cheerleader (Lyrics),954864ae7d255d0a5827bc088d637b38588f818c2282f21e07885378fd351491,
